Duration,Date,Pulse,Maxpulse,Calories,Calories_per_Minute,Pulse_Category
60,01-12-2020,110,130,409.1,6.818333333,High
60,02-12-2020,117,145,479,7.983333333,High
60,03-12-2020,103,135,340,5.666666667,Moderate
45,04-12-2020,109,175,282.4,6.275555556,Moderate
45,05-12-2020,117,148,406,9.022222222,High
60,06-12-2020,102,127,300,5,Moderate
60,07-12-2020,110,136,374,6.233333333,High
450,08-12-2020,104,134,253.3,0.562888889,Moderate
30,09-12-2020,109,133,195.1,6.503333333,Moderate
60,10-12-2020,98,124,269,4.483333333,Low
60,11-12-2020,103,147,329.3,5.488333333,Moderate
60,12-12-2020,100,120,250.7,4.178333333,Moderate
60,13-12-2020,106,128,345.3,5.755,Moderate
60,14-12-2020,104,132,379.3,6.321666667,Moderate
60,15-12-2020,98,123,275,4.583333333,Low
60,16-12-2020,98,120,215.2,3.586666667,Low
60,17-12-2020,100,120,300,5,Moderate
45,18-12-2020,90,112,291.2,6.471111111,Low
60,19-12-2020,103,123,323,5.383333333,Moderate
45,20-12-2020,97,125,243,5.4,Low
60,21-12-2020,108,131,364.2,6.07,Moderate
45,22-12-2020,100,119,282,6.266666667,Moderate
60,23-12-2020,130,101,300,5,High
45,24-12-2020,105,132,246,5.466666667,Moderate
60,25-12-2020,102,126,334.5,5.575,Moderate
60,26-12-2020,100,120,250,4.166666667,Moderate
60,27-12-2020,92,118,241,4.016666667,Low
60,28-12-2020,103,132,291.2,4.853333333,Moderate
60,29-12-2020,100,132,280,4.666666667,Moderate
60,30-12-2020,102,129,380.3,6.338333333,Moderate
60,31-12-2020,92,115,243,4.05,Low
